"","Filename","Stony.corals","row_max","latitude","longitude","bathy.for.Boss","depth","slope4","slope8","aspect4","aspect8","tpi","tri","roughness","flowdir"
"1","1.jpg",0,"Seagrasses",-33.5551,115.3906,-13.9604577089003,-13.9604577089003,0.60127725486607,0.60127725486607,268.567298906587,268.567298906587,0.0547927899176877,0.0935277106704102,0.307911021631519,16
"2","10.jpg",0,"Seagrasses",-33.5452,115.3754,-15.3608234789453,-15.3608234789453,0.162125783777371,0.162125783777371,184.439996720583,184.439996720583,0.00774934148304318,0.0557528509943352,0.280901232696184,2
"3","100.jpg",0,"Unconsolidated",-33.5658,115.2022,-23.9975990403031,-23.9975990403031,0.418458149901987,0.418458149901987,287.530975955402,287.530975955402,-0.0398051533242274,0.0650003586696939,0.186361859323043,16
"4","101.jpg",0,"Seagrasses",-33.5635,115.1855,-25.6327313488367,-25.6327313488367,0.637799923245531,0.637799923245531,3.85114212950945,3.85114212950945,-0.0263507040665658,0.0838073287332319,0.242602676807927,1
"5","103.jpg",0,"Seagrasses",-33.5593,115.3395,-17.143961400028,-17.143961400028,0.598558625655177,0.598558625655177,328.724059346329,328.724059346329,0.00648957535728911,0.0817735763400114,0.248308295489089,16
"6","104.jpg",0,"Macroalgae",-33.4936,115.4102,-19.967597036593,-19.967597036593,0.390419548041179,0.390419548041179,313.13440170484,313.13440170484,-0.0596340051213282,0.0750986645229781,0.162101586456416,16
"7","106.jpg",0,"Macroalgae",-33.5539,115.2544,-24.9994468688965,-24.9994468688965,0,0,90,90,0,0,0,8
"8","108.jpg",0,"Seagrasses",-33.5274,115.4064,-15.0953112116249,-15.0953112116249,0.532775351534678,0.532775351534678,270.043637017601,270.043637017601,0.0207768652251197,0.0734935348363697,0.235960073372361,16
"9","11.jpg",0,"Seagrasses",-33.5567,115.3683,-14.5959428234793,-14.5959428234793,0.315337671194661,0.315337671194661,337.599579512703,337.599579512703,-0.0227039602299843,0.0458320678999367,0.165697857457021,64
"10","110.jpg",0,"Macroalgae",-33.4769,115.4199,-20.8311870231296,-20.8311870231296,0.470833448543085,0.470833448543085,326.725908774619,326.725908774619,-0.0359926773152566,0.0643419147270134,0.219703653336605,16
"11","111.jpg",0,"Seagrasses",-33.5798,115.2917,-20.2333187072431,-20.2333187072431,0.114302042408224,0.114302042408224,328.177379284307,328.177379284307,0.00664487829826754,0.0196214878029206,0.0758245567866282,1
"12","112.jpg",0,"Seagrasses",-33.5674,115.3109,-19.7295876005501,-19.7295876005501,0.158494848577504,0.158494848577504,318.317660427449,318.317660427449,0.0286217553700681,0.0303678392864359,0.0971578993982156,16
"13","113.jpg",0,"Seagrasses",-33.5025,115.4384,-15.1037539843862,-15.1037539843862,0.10698589200716,0.10698589200716,153.530517709626,153.530517709626,0.0111224363290852,0.0296605672846604,0.0902737206986952,1
"14","115.jpg",0,"Unconsolidated",-33.5467,115.1977,-27.7927473119679,-27.7927473119679,1.95622642396598,1.95622642396598,34.7959497233782,34.7959497233782,0.0521505209886222,0.277957249304007,0.901017568640473,1
"15","116.jpg",0,"Seagrasses",-33.576,115.3534,-14.5763455355403,-14.5763455355403,0.108471398626568,0.108471398626568,225.385592295346,225.385592295346,0.0180629095800544,0.0280353989777735,0.0979294579157717,16
"16","118.jpg",0,"Unconsolidated",-33.5713,115.2398,-20.9025540106144,-20.9025540106144,0.230569634992736,0.230569634992736,125.008864999006,125.008864999006,0.00225968721182568,0.0298564052695616,0.111168005618534,1
"17","119.jpg",0,"Macroalgae",-33.4885,115.4434,-15.1249084565494,-15.1249084565494,0.384684322008655,0.384684322008655,112.012597591087,112.012597591087,-0.0430769853626902,0.0619700045901965,0.225906001150495,4
"18","12.jpg",0,"Seagrasses",-33.5504,115.3959,-13.8426735824061,-13.8426735824061,0.108477001812526,0.108477001812526,150.801049115563,150.801049115563,-0.0498458695601833,0.0498458695601813,0.112437689252465,4
"19","120.jpg",0,"Seagrasses",-33.5906,115.2584,-15.3235532773188,-15.3235532773188,1.39626624129708,1.39626624129708,346.807742815817,346.807742815817,-0.0420633927621257,0.188314177957259,0.579609322280479,16
"20","122.jpg",0,"Seagrasses",-33.5136,115.424,-15.6916566293069,-15.6916566293069,0.213314947523573,0.213314947523573,294.436562548152,294.436562548152,-0.0160713118493092,0.0373906172599814,0.124568908389129,16
"21","123.jpg",0,"Unconsolidated",-33.5574,115.1548,-25.65877630155,-25.65877630155,0.161954190542061,0.161954190542061,4.32399444074333,4.32399444074333,-0.00362490784934622,0.0211757658344469,0.0698086219391669,64
"22","125.jpg",0,"Seagrasses",-33.5738,115.2682,-20.9071636199951,-20.9071636199951,0,0,90,90,0,0,0,16
"23","127.jpg",0,"Seagrasses",-33.509,115.3957,-19.4634498655143,-19.4634498655143,0.163837033584449,0.163837033584449,189.985694780787,189.985694780787,0.0626740015284746,0.0626740015284715,0.137275518847577,16
"24","128.jpg",0,"Seagrasses",-33.5994,115.2867,-14.2752364363945,-14.2752364363945,0.248858437450149,0.248858437450149,345.824068759667,345.824068759667,-0.0408787728724906,0.0455901109975378,0.104022559767074,64
"25","129.jpg",0,"Unconsolidated",-33.5408,115.1741,-29.4384040832519,-29.4384040832519,1.31137628997268e-14,1.31137628997268e-14,255.963756532074,255.963756532074,3.5527136788005e-15,1.77635683940025e-15,3.5527136788005e-15,16
"26","13.jpg",0,"Seagrasses",-33.5619,115.3888,-14.5661560184742,-14.5661560184742,0.111149011940675,0.111149011940675,284.274126414325,284.274126414325,-0.0126497657226885,0.0189628747192017,0.0592674235007173,16
"27","130.jpg",0,"Seagrasses",-33.562,115.3252,-18.9664349512941,-18.9664349512941,0.276952847092709,0.276952847092709,344.631621953822,344.631621953822,-0.0257111266156329,0.039340478207877,0.10336746096532,16
"28","131.jpg",0,"Macroalgae",-33.5344,115.4016,-14.5599287708429,-14.5599287708429,0.65105191792263,0.65105191792263,40.1396995956593,40.1396995956593,0.0574970354453814,0.126686722573635,0.335302156426254,1
"29","133.jpg",0,"Unconsolidated",-33.5798,115.2491,-19.4753105716935,-19.4753105716935,0.0959686033050448,0.0959686033050448,1.07098113487868,1.07098113487868,-0.00275911164880682,0.0127606526434265,0.0376108163586011,1
"30","134.jpg",0,"Seagrasses",-33.497,115.4527,-13.6782665122263,-13.6782665122263,0.290868948765162,0.290868948765162,253.246552263376,253.246552263376,-0.0318545929190037,0.0527271654847459,0.134613205339576,16
"31","136.jpg",0,"Macroalgae",-33.4799,115.4353,-17.4911478616203,-17.4911478616203,0.248560818945853,0.248560818945853,117.926378484112,117.926378484112,-0.0652449501119321,0.0652449501119299,0.143706338983215,4
"32","137.jpg",0,"Seagrasses",-33.5823,115.2692,-20.2984135974989,-20.2984135974989,0.0704748525961016,0.0704748525961016,21.7074871198373,21.7074871198373,-0.0111818435255771,0.0162214721282417,0.0409993734593534,1
"33","14.jpg",0,"Seagrasses",-33.5443,115.3754,-15.2886749981731,-15.2886749981731,0.0397947002941546,0.0397947002941546,103.460783762511,103.460783762511,-0.061781312000635,0.0617813120006341,0.114892298885655,4
"34","140.jpg",0,"Seagrasses",-33.5706,115.3452,-15.5348375659715,-15.5348375659715,0.375626250871755,0.375626250871755,321.713459474472,321.713459474472,-0.0331607290735736,0.059818303788137,0.229258469364277,32
"35","141.jpg",0,"Seagrasses",-33.5423,115.3552,-19.4654471869148,-19.4654471869148,0.312063947256261,0.312063947256261,215.045511592329,215.045511592329,0.0668888264337824,0.083721337410394,0.227310475004664,16
"36","142.jpg",0,"Seagrasses",-33.5049,115.4064,-17.9528434733078,-17.9528434733078,0.369451699974227,0.369451699974227,56.0058226356132,56.0058226356132,0.164707419305937,0.164707419305937,0.283233474119307,1
"37","144.jpg",0,"Unconsolidated",-33.5491,115.1656,-28,-28,3.18055468146352e-15,3.18055468146352e-15,90,90,0,2.66453525910038e-15,3.5527136788005e-15,1
"38","146.jpg",0,"Seagrasses",-33.5303,115.4123,-14.680495526326,-14.680495526326,0.553386994332742,0.553386994332742,4.71015389213454,4.71015389213454,-0.0166218574206596,0.0744098520212673,0.260143050280037,1
"39","147.jpg",0,"Unconsolidated",-33.5748,115.1841,-22.1819261521497,-22.1819261521497,0.211810160563602,0.211810160563602,243.157453665536,243.157453665536,-0.0558136203683581,0.0558136203683608,0.130119368732686,8
"40","148.jpg",0,"Seagrasses",-33.492,115.3877,-22.7078380635525,-22.7078380635525,0.120245531452484,0.120245531452484,224.059731840105,224.059731840105,0.0305827992889256,0.0456917746125547,0.168615750592348,1
"41","15.jpg",0,"Seagrasses",-33.5541,115.3855,-14.0894226387658,-14.0894226387658,0.275410205537961,0.275410205537961,181.888746495054,181.888746495054,0.0615060187097214,0.0754664097602529,0.181224526715699,1
"42","150.jpg",0,"Macroalgae",-33.5569,115.3028,-21.0469131469727,-21.0469131469727,1.71278111377842e-14,1.71278111377842e-14,248.198590513648,248.198590513648,0,1.33226762955019e-15,7.105427357601e-15,8
"43","151.jpg",0,"Seagrasses",-33.5174,115.4299,-13.6188401987666,-13.6188401987666,0.198581142495257,0.198581142495257,286.018644542604,286.018644542604,0.00800567962686216,0.0243463975360569,0.0901528885535363,16
"44","152.jpg",0,"Unconsolidated",-33.5437,115.2653,-25.9281323424942,-25.9281323424942,0.250607717401112,0.250607717401112,270.591080668204,270.591080668204,0.0178390280103677,0.0329645595724353,0.0884304046630895,16
"45","154.jpg",0,"Macroalgae",-33.5693,115.2837,-22.6713733673096,-22.6713733673096,6.36110936292703e-15,6.36110936292703e-15,180,180,3.5527136788005e-15,2.22044604925031e-15,7.105427357601e-15,1
"46","158.jpg",0,"Seagrasses",-33.6027,115.2546,-12.9183446370315,-12.9183446370315,1.08986746204378,1.08986746204378,343.530315487339,343.530315487339,0.0468155532116334,0.151347899774234,0.486314151110331,16
"47","16.jpg",0,"Seagrasses",-33.5599,115.3786,-14.3564589364057,-14.3564589364057,0.262217919050056,0.262217919050056,102.98453519902,102.98453519902,-0.0450871489060241,0.0582363825833623,0.140138703193314,128
"48","160.jpg",0,"Macroalgae",-33.5446,115.18,-28.0547370910645,-28.0547370910645,3.18055468146352e-15,3.18055468146352e-15,90,90,0,0,0,128
"49","161.jpg",0,"Unconsolidated",-33.5657,115.3311,-18.3979896046048,-18.3979896046048,0.219249517892584,0.219249517892584,297.138797957199,297.138797957199,0.0488879815592433,0.0519985692656717,0.163385060319758,16
"50","164.jpg",0,"Unconsolidated",-33.5523,115.2746,-25,-25,0,0,90,90,0,0,0,128
"51","165.jpg",0,"Unconsolidated",-33.5258,115.4266,-14.999361473082,-14.999361473082,0.26089421733684,0.26089421733684,189.819632540388,189.819632540388,-0.0135270514313284,0.0379681728231944,0.113746011405164,8
"52","166.jpg",0,"Seagrasses",-33.5128,115.4015,-17.4167383034037,-17.4167383034037,0.870782325911613,0.870782325911613,290.14188946765,290.14188946765,0.0486529394651676,0.116538862251634,0.357425477271217,16
"53","167.jpg",0,"Seagrasses",-33.5407,115.3505,-19.8531066331922,-19.8531066331922,0.780989088813191,0.780989088813191,92.7679165472103,92.7679165472103,-0.0299929062365898,0.112688452242903,0.329488374237275,1
"54","17.jpg",0,"Seagrasses",-33.5696,115.3836,-14.2637801503352,-14.2637801503352,0.152185288626727,0.152185288626727,4.05593416090859,4.05593416090859,0.0777843569058856,0.0777843569058834,0.133586803848594,16
"55","170.jpg",0,"Seagrasses",-33.592,115.2382,-17.025821766114,-17.025821766114,0.270923561710999,0.270923561710999,210.35518106282,210.35518106282,0.00636467896914183,0.0370932438182239,0.143789149704844,16
"56","171.jpg",0,"Seagrasses",-33.5091,115.4419,-13.5646934203628,-13.5646934203628,0.305906325570651,0.305906325570651,252.949389049455,252.949389049455,0.0107012405181024,0.0417867549095916,0.156506971905442,16
"57","174.jpg",0,"Unconsolidated",-33.5531,115.1821,-27.4053440093994,-27.4053440093994,7.11193647390761e-15,7.11193647390761e-15,296.565051177078,296.565051177078,0,1.33226762955019e-15,3.5527136788005e-15,64
"58","175.jpg",0,"Seagrasses",-33.5716,115.3713,-14.048494299945,-14.048494299945,0.35743354698588,0.35743354698588,176.167666493271,176.167666493271,0.0122395610857939,0.0482219713881709,0.159805705404361,1
"59","177.jpg",0,"Unconsolidated",-33.561,115.2956,-22,-22,1.27222187258541e-14,1.27222187258541e-14,270,270,0,1.77635683940025e-15,3.5527136788005e-15,4
"60","18.jpg",0,"Seagrasses",-33.552,115.3701,-15.1416033556051,-15.1416033556051,0.272635079134351,0.272635079134351,322.665705028033,322.665705028033,-0.0670644047479012,0.0679231284275914,0.184604463754997,16
"61","180.jpg",0,"Seagrasses",-33.549,115.3432,-19.5983675198607,-19.5983675198607,0.0685510763257293,0.0685510763257293,147.484155119219,147.484155119219,-0.0341850181195618,0.0365865059446171,0.0693988014760301,4
"62","181.jpg",0,"Macroalgae",-33.52,115.4132,-14.2597896947455,-14.2597896947455,0.221211016791025,0.221211016791025,226.048563993335,226.048563993335,0.00959630132205902,0.0429111053327595,0.150752418438387,16
"63","183.jpg",0,"Macroalgae",-33.4888,115.4564,-14.4501075622638,-14.4501075622638,0.557076915461072,0.557076915461072,346.763014785281,346.763014785281,0.0240939119589747,0.0852232599984168,0.254659856537906,16
"64","184.jpg",0,"Unconsolidated",-33.4693,115.4189,-22.0790474946197,-22.0790474946197,0.147822298540588,0.147822298540588,109.68901132993,109.68901132993,-0.00342035152434406,0.0243059614916978,0.092746453198405,1
"65","185.jpg",0,"Seagrasses",-33.5976,115.2902,-14.9833034267884,-14.9833034267884,0.205400297861533,0.205400297861533,170.567542234849,170.567542234849,0.000517597663636238,0.0266675779319179,0.0999093762925245,1
"66","186.jpg",0,"Unconsolidated",-33.5387,115.1588,-29.527177810669,-29.527177810669,1.27222187258541e-14,1.27222187258541e-14,270,270,-3.5527136788005e-15,4.44089209850063e-15,7.105427357601e-15,32
"67","187.jpg",0,"Seagrasses",-33.495,115.4374,-14.9080378199701,-14.9080378199701,0.310065238209846,0.310065238209846,236.763212663364,236.763212663364,-0.00944971509362524,0.0613818812970457,0.188777921489081,16
"68","189.jpg",0,"Seagrasses",-33.573,115.1959,-22.157280983689,-22.157280983689,0.2669359010196,0.2669359010196,158.965071789717,158.965071789717,0.0207133078086308,0.0396455755664582,0.119436932829036,1
"69","19.jpg",0,"Seagrasses",-33.5464,115.3908,-14.4099421070219,-14.4099421070219,0.346402230778414,0.346402230778414,213.508272133269,213.508272133269,0.0183638896055012,0.0461951610124645,0.185611760786269,16
"70","190.jpg",0,"Seagrasses",-33.5657,115.3571,-14.5761650874237,-14.5761650874237,0.468416960668015,0.468416960668015,297.986490465609,297.986490465609,0.0423975337923697,0.0735450894278582,0.242454117714768,16
"71","191.jpg",0,"Seagrasses",-33.5152,115.3708,-22.1497629618978,-22.1497629618978,0.401457695610251,0.401457695610251,102.402246469031,102.402246469031,-0.0100508317085257,0.062321035513226,0.206108614358442,1
"72","194.jpg",0,"Seagrasses",-33.5686,115.3381,-15.9833352273628,-15.9833352273628,1.00718854781353,1.00718854781353,312.930234838726,312.930234838726,0.0899470096185393,0.13839522546316,0.491848104904328,16
"73","195.jpg",0,"Seagrasses",-33.5032,115.4278,-14.5492378046027,-14.5492378046027,0.0897845085216847,0.0897845085216847,97.8425791117309,97.8425791117309,-0.0320610975248865,0.0355364530680229,0.084737594408022,1
"74","196.jpg",0,"Seagrasses",-33.5745,115.3762,-14.1891079226766,-14.1891079226766,0.153149272758882,0.153149272758882,75.0828260921591,75.0828260921591,-0.00888244219981615,0.0246168987894095,0.093842587966094,1
"75","198.jpg",0,"Unconsolidated",-33.5634,115.2626,-23,-23,0,0,90,90,0,0,0,128
"76","2.jpg",0,"Seagrasses",-33.5375,115.3772,-16.589812933446,-16.589812933446,0.963469594791621,0.963469594791621,312.36172333774,312.36172333774,0.0511135951689674,0.138136977570991,0.415596485774074,16
"77","20.jpg",0,"Seagrasses",-33.5556,115.401,-13.9141428878882,-13.9141428878882,0.267392593834568,0.267392593834568,218.981831295763,218.981831295763,-0.00690453081499598,0.0371371368482682,0.14541132218913,16
"78","200.jpg",0,"Unconsolidated",-33.5369,115.4147,-14.6428786587723,-14.6428786587723,0.324813700307508,0.324813700307508,285.20152620409,285.20152620409,-0.024266309840602,0.0421534201687415,0.136067430339605,16
"79","202.jpg",0,"Macroalgae",-33.4861,115.4093,-20.9892076890657,-20.9892076890657,0.295559952018561,0.295559952018561,359.86189388098,359.86189388098,0.142963378520928,0.142963378520929,0.207165399465058,16
"80","203.jpg",0,"Seagrasses",-33.589,115.2811,-18.0609424022751,-18.0609424022751,1.12589446840567,1.12589446840567,183.175471689839,183.175471689839,-0.169766646615372,0.17164326423156,0.472609876738076,1
"81","205.jpg",0,"Seagrasses",-33.524,115.3959,-16.4449707855012,-16.4449707855012,1.14553761972251,1.14553761972251,230.19566440861,230.19566440861,0.107466682846329,0.169429553920278,0.515967877916871,16
"82","206.jpg",0,"Seagrasses",-33.5948,115.243,-14.3477545984757,-14.3477545984757,1.29929938123045,1.29929938123045,172.613723413932,172.613723413932,0.0794187739674168,0.172772473092021,0.522380858913778,1
"83","208.jpg",0,"Unconsolidated",-33.5558,115.1775,-27.4298880012997,-27.4298880012997,0.0329662254651544,0.0329662254651544,271.143853425476,271.143853425476,-0.00385926352121757,0.00437242386747894,0.0115863289144826,16
"84","209.jpg",0,"Macroalgae",-33.577,115.3287,-16.2772140379924,-16.2772140379924,0.220644227832335,0.220644227832335,190.644420707069,190.644420707069,0.00706579371934168,0.0379093296853998,0.133509186395671,16
"85","21.jpg",0,"Seagrasses",-33.5377,115.3669,-18.9753740557184,-18.9753740557184,0.22558010567313,0.22558010567313,336.159002648203,336.159002648203,0.0264773194208132,0.0350946065646482,0.136346078546357,16
"86","210.jpg",0,"Seagrasses",-33.5094,115.3615,-23.4190093544095,-23.4190093544095,0.14737101187883,0.14737101187883,30.5059383114213,30.5059383114213,-0.0317541400190677,0.0324933872962787,0.110428472406582,1
"87","212.jpg",0,"Macroalgae",-33.4724,115.438,-18.7055114419497,-18.7055114419497,0.463464655177468,0.463464655177468,129.344747336465,129.344747336465,-0.0375040855884912,0.0768637460392156,0.244727695857289,1
"88","213.jpg",0,"Seagrasses",-33.6002,115.2714,-15.1116232736073,-15.1116232736073,0.262386215195463,0.262386215195463,202.856522294304,202.856522294304,0.00512199974409455,0.0347427813828753,0.139647055686138,16
"89","215.jpg",0,"Seagrasses",-33.4974,115.4044,-20.038897739546,-20.038897739546,0.0819651036950716,0.0819651036950716,297.749453286324,297.749453286324,0.00804128456132247,0.0225531203833653,0.0793512649068902,16
"90","217.jpg",0,"Unconsolidated",-33.5669,115.163,-25.2916487927363,-25.2916487927363,0.185701507591248,0.185701507591248,282.078136455519,282.078136455519,-0.0129274979063112,0.029418998249898,0.0967310607088407,16
"91","219.jpg",0,"Unconsolidated",-33.5492,115.2582,-26,-26,7.11193647390761e-15,7.11193647390761e-15,333.434948822922,333.434948822922,-3.5527136788005e-15,2.22044604925031e-15,7.105427357601e-15,64
"92","22.jpg",0,"Macroalgae",-33.5495,115.3805,-15.1025454692436,-15.1025454692436,1.17666929981922,1.17666929981922,282.539442043645,282.539442043645,-0.0723772048052318,0.168250257042817,0.612880687560523,16
"93","221.jpg",0,"Seagrasses",-33.5228,115.4102,-15.3250852716201,-15.3250852716201,0.657200588754335,0.657200588754335,346.535628913055,346.535628913055,0.0341717415564062,0.0840688094296851,0.309570031256127,16
"94","223.jpg",0,"Seagrasses",-33.5182,115.3851,-19.8591215742256,-19.8591215742256,0.135525637652473,0.135525637652473,138.321289612012,138.321289612012,0.0366732848053992,0.0454838050479029,0.0981654811071522,1
"95","224.jpg",0,"Seagrasses",-33.5461,115.334,-21.2312697284189,-21.2312697284189,0.237993478977421,0.237993478977421,291.922600551835,291.922600551835,0.0137466583151067,0.033608673039379,0.148851030136612,16
"96","225.jpg",0,"Seagrasses",-33.5711,115.3051,-20.7289222582419,-20.7289222582419,0.423053542402627,0.423053542402627,247.790296063827,247.790296063827,0.00453940761697424,0.0567939066841392,0.192546428500858,16
"97","226.jpg",0,"Macroalgae",-33.5062,115.4327,-15.1135536702136,-15.1135536702136,0.63982405829762,0.63982405829762,181.307201894959,181.307201894959,0.0336359995782285,0.106154443172524,0.459860279804891,1
"98","227.jpg",0,"Seagrasses",-33.5687,115.362,-14.5786796296434,-14.5786796296434,0.33451411956799,0.33451411956799,166.929791298569,166.929791298569,0.0140258931433905,0.0428133209959898,0.138789458547732,1
"99","23.jpg",0,"Macroalgae",-33.5438,115.3832,-14.6422250531565,-14.6422250531565,0.509949655245509,0.509949655245509,184.024026195543,184.024026195543,0.0673328346947759,0.106087758571903,0.469454333513443,16
"100","230.jpg",0,"Seagrasses",-33.5723,115.2482,-21.006468993447,-21.006468993447,0.449621612946304,0.449621612946304,355.488123227973,355.488123227973,0.00530861992861276,0.059720682548924,0.178790440817963,16
"101","231.jpg",0,"Seagrasses",-33.4895,115.4519,-15.1249446734593,-15.1249446734593,0.155491341412997,0.155491341412997,203.688164108412,203.688164108412,-0.0540539463244034,0.0540539463244047,0.128241246576614,8
"102","232.jpg",0,"Seagrasses",-33.5914,115.2502,-14.5295249204863,-14.5295249204863,0.517840011207041,0.517840011207041,352.318156375912,352.318156375912,0.0241151558718471,0.0696186718316678,0.217124636857086,16
"103","234.jpg",0,"Seagrasses",-33.5264,115.3652,-21.4649374728447,-21.4649374728447,0.204003233564125,0.204003233564125,31.5727443958509,31.5727443958509,-0.0496185416106947,0.0578668467772605,0.152739356478378,64
"104","235.jpg",0,"Macroalgae",-33.5144,115.4159,-14.5663462201957,-14.5663462201957,0.784661969998909,0.784661969998909,118.38980195965,118.38980195965,0.081166767491565,0.0988315984497607,0.472438893366261,1
"105","236.jpg",0,"Unconsolidated",-33.5413,115.2891,-24,-24,9.54166404439055e-15,9.54166404439055e-15,270,270,0,1.33226762955019e-15,3.5527136788005e-15,64
"106","237.jpg",0,"Unconsolidated",-33.5584,115.1561,-25.4753536932545,-25.4753536932545,0.245965978321787,0.245965978321787,276.504118913005,276.504118913005,-0.0190073762022429,0.0335425489316648,0.101874173406735,16
"107","238.jpg",0,"Unconsolidated",-33.5795,115.3073,-18.3911341829556,-18.3911341829556,0.328920945326825,0.328920945326825,349.865019990843,349.865019990843,0.00485771416237668,0.0438842683039247,0.138538737081536,16
"108","239.jpg",0,"Seagrasses",-33.5843,115.1935,-19.3230883589891,-19.3230883589891,0.516877086221592,0.516877086221592,352.33190709607,352.33190709607,0.0071678590689217,0.0709107639120101,0.200411604282113,16
"109","24.jpg",0,"Seagrasses",-33.5361,115.3901,-14.9835963022219,-14.9835963022219,0.206290387042824,0.206290387042824,264.412661778328,264.412661778328,0.0199322446257355,0.0297844221935033,0.162470089770519,16
"110","240.jpg",0,"Macroalgae",-33.5015,115.3972,-20.4222585155564,-20.4222585155564,0.414428462556351,0.414428462556351,285.055367958046,285.055367958046,0.100730736515317,0.1257981201259,0.268872160405977,16
"111","241.jpg",0,"Seagrasses",-33.5293,115.3462,-22.4860384147165,-22.4860384147165,0.215994650260862,0.215994650260862,64.0380722775598,64.0380722775598,0.0134548656886828,0.0345144221994524,0.105727496941036,1
"112","242.jpg",0,"Seagrasses",-33.577,115.3548,-14.5112274402642,-14.5112274402642,0.241971650581984,0.241971650581984,357.063464149554,357.063464149554,0.00277195618625825,0.0335235685484934,0.111487506553534,1
"113","244.jpg",0,"Seagrasses",-33.604,115.2784,-13.9606085040726,-13.9606085040726,0.123647990305223,0.123647990305223,17.3483982493227,17.3483982493227,-0.00997073897888967,0.0224094921809108,0.0787669604407011,1
"114","245.jpg",0,"Macroalgae",-33.5665,115.3171,-19.2124571627636,-19.2124571627636,0.292929895661473,0.292929895661473,340.062946454039,340.062946454039,-0.0174212786223542,0.0395204194296821,0.128731348993057,16
"115","247.jpg",0,"Seagrasses",-33.5845,115.2409,-18.8657103545053,-18.8657103545053,0.129130624737473,0.129130624737473,28.6297107286751,28.6297107286751,0.0100132621984912,0.0189660430821741,0.0587286432892675,1
"116","248.jpg",0,"Seagrasses",-33.5017,115.4446,-14.1401799411678,-14.1401799411678,0.390471782238098,0.390471782238098,354.303633272183,354.303633272183,-0.0030481916824936,0.0570510886580002,0.195095344349365,32
"117","25.jpg",0,"Seagrasses",-33.565,115.3759,-13.5171365479791,-13.5171365479791,0.527490886927192,0.527490886927192,21.1282837494966,21.1282837494966,-0.0738221461977826,0.0999367840003431,0.282684940660943,128
"118","26.jpg",0,"Seagrasses",-33.5479,115.4037,-14.7340600617935,-14.7340600617935,0.375635831008922,0.375635831008922,190.264139785001,190.264139785001,-0.0159427437677522,0.0494052450474052,0.15397678118002,4
"119","27.jpg",0,"Seagrasses",-33.5593,115.3862,-14.0574861348525,-14.0574861348525,0.913305340726838,0.913305340726838,332.883897145523,332.883897145523,-0.0176682327696316,0.124532491669856,0.420975933899841,16
"120","28.jpg",0,"Seagrasses",-33.5517,115.3933,-13.9787912898458,-13.9787912898458,0.299590102302989,0.299590102302989,304.818381235663,304.818381235663,0.0134055979929606,0.0445692918729341,0.136391808562028,16
"121","29.jpg",0,"Seagrasses",-33.5283,115.3852,-17.7628934669951,-17.7628934669951,0.443493031012281,0.443493031012281,330.372828109792,330.372828109792,-0.00360924400727214,0.0579348299376852,0.193224344243529,16
"122","3.jpg",0,"Seagrasses",-33.5606,115.3734,-14.6544747230512,-14.6544747230512,0.012971896798093,0.012971896798093,312.550168143978,312.550168143978,-0.0274869601358123,0.0310690108912188,0.0716489295263152,128
"123","30.jpg",0,"Seagrasses",-33.5572,115.3709,-14.4088432126745,-14.4088432126745,0.108983558518766,0.108983558518766,294.875335463752,294.875335463752,-0.0460720455529717,0.0526853416259188,0.124211139521998,16
"124","31.jpg",0,"Macroalgae",-33.5401,115.3987,-14.9280063397161,-14.9280063397161,0.091228067304516,0.091228067304516,176.654295938029,176.654295938029,-0.0269112848926429,0.0321743188846721,0.0906782255319794,4
"125","32.jpg",0,"Seagrasses",-33.5546,115.3778,-14.9802682997513,-14.9802682997513,0.256212312312967,0.256212312312967,271.886870317494,271.886870317494,-0.0102877521135412,0.0407223307818816,0.19767882697364,16
"126","33.jpg",0,"Seagrasses",-33.549,115.3882,-14.437329678255,-14.437329678255,0.288466415308817,0.288466415308817,323.854498377067,323.854498377067,0.0308285315279218,0.0505216908382806,0.127804813530735,16
"127","34.jpg",0,"Seagrasses",-33.5314,115.3748,-19.1796021632381,-19.1796021632381,0.0789327096343906,0.0789327096343906,312.852365736704,312.852365736704,0.0176331306330475,0.02095945461482,0.0703388003932659,16
"128","35.jpg",0,"Seagrasses",-33.5702,115.381,-14.4880684285902,-14.4880684285902,0.333555143901726,0.333555143901726,310.414843584107,310.414843584107,-0.0141039820765645,0.0436742747439454,0.166019694184889,16
"129","36.jpg",0,"Seagrasses",-33.5644,115.3824,-14.7584468053385,-14.7584468053385,0.589139417900274,0.589139417900274,115.734365140589,115.734365140589,0.0196908796686852,0.0829702577736979,0.297857970442593,1
"130","37.jpg",0,"Seagrasses",-33.5413,115.3896,-14.4036841594465,-14.4036841594465,0.0475472856461223,0.0475472856461223,320.274020849697,320.274020849697,-0.0171793233267792,0.0263665911129403,0.0845960894375324,8
"131","38.jpg",0,"Seagrasses",-33.5335,115.3863,-15.6959451017589,-15.6959451017589,0.267914864032901,0.267914864032901,348.318676673984,348.318676673984,-0.0329102015645208,0.0492171867513438,0.132023263183809,32
"132","39.jpg",0,"Seagrasses",-33.5623,115.3721,-14.624197650353,-14.624197650353,0.157182660101742,0.157182660101742,162.07210594905,162.07210594905,-0.00206343234342299,0.0243648650633042,0.121630080962817,2
"133","4.jpg",0,"Seagrasses",-33.5436,115.4012,-13.4417717408459,-13.4417717408459,0.127069731917967,0.127069731917967,243.117309702521,243.117309702521,-0.0248200547002551,0.0301877787297851,0.0737887381573863,16
"134","40.jpg",0,"Seagrasses",-33.5453,115.3999,-13.6113454580754,-13.6113454580754,0.461027256100976,0.461027256100976,15.111401499166,15.111401499166,0.0459464879285747,0.0769901669976487,0.229258304059442,1
"135","41.jpg",0,"Seagrasses",-33.5568,115.3928,-13.9295783396393,-13.9295783396393,0.137238132233176,0.137238132233176,241.529150325699,241.529150325699,0.0411984830074807,0.0411984830074805,0.0816063979851975,16
"136","42.jpg",0,"Seagrasses",-33.5392,115.3794,-15.9261389400018,-15.9261389400018,1.73022619617147,1.73022619617147,152.687421636344,152.687421636344,0.09858122078478,0.241476018591076,0.699896476686073,1
"137","43.jpg",0,"Seagrasses",-33.5566,115.3842,-13.5262493658961,-13.5262493658961,0.317569047611435,0.317569047611435,342.478054558857,342.478054558857,0.0752875756766134,0.0910989139133369,0.243388753024819,16
"138","44.jpg",0,"Seagrasses",-33.5505,115.3637,-17.0752413413193,-17.0752413413193,0.332749797779691,0.332749797779691,339.601866312269,339.601866312269,0.0130789268789933,0.0477622797839268,0.164851517273618,16
"139","45.jpg",0,"Seagrasses",-33.5623,115.3772,-14.323741790841,-14.323741790841,0.26555507391583,0.26555507391583,54.2094229125495,54.2094229125495,-0.019330774180629,0.0458461851640435,0.210827118987057,1
"140","46.jpg",0,"Unconsolidated",-33.5452,115.405,-14.8788323670384,-14.8788323670384,0.359603321184379,0.359603321184379,229.018601902315,229.018601902315,0.00730326758503175,0.0462124099985632,0.146827726755811,16
"141","47.jpg",0,"Macroalgae",-33.5545,115.3739,-14.5918578662762,-14.5918578662762,0.619261136823623,0.619261136823623,259.551218743762,259.551218743762,0.0207569926246762,0.0799716518420852,0.321353550211334,16
"142","48.jpg",0,"Seagrasses",-33.549,115.3946,-13.7456760517116,-13.7456760517116,0.283604634318376,0.283604634318376,184.772313377852,184.772313377852,0.0690890434724203,0.0690890434724203,0.164077005485115,16
"143","49.jpg",0,"Seagrasses",-33.5314,115.3813,-17.9483661211322,-17.9483661211322,0.363475906516818,0.363475906516818,335.578093726992,335.578093726992,0.00663398054738806,0.0459314654407899,0.178219285753915,16
"144","5.jpg",0,"Seagrasses",-33.553,115.3803,-14.8541774036903,-14.8541774036903,0.306209704910562,0.306209704910562,84.1860574621526,84.1860574621526,0.00642273978353458,0.0422857040445566,0.16431529048582,1
"145","50.jpg",0,"Seagrasses",-33.5529,115.3971,-13.4354171946627,-13.4354171946627,0.39157192941425,0.39157192941425,139.850603227148,139.850603227148,-0.0384153238236173,0.0804522642482211,0.283493588140001,2
"146","51.jpg",0,"Unconsolidated",-33.587,115.2134,-18.2530196186765,-18.2530196186765,0.227583714522779,0.227583714522779,358.445090920964,358.445090920964,-0.00228550966624397,0.0291328480244295,0.0900385934476979,1
"147","52.jpg",0,"Unconsolidated",-33.5433,115.2036,-28.3130359649658,-28.3130359649658,7.11193647390761e-15,7.11193647390761e-15,26.565051177078,26.565051177078,0,1.33226762955019e-15,7.105427357601e-15,64
"148","53.jpg",0,"Seagrasses",-33.5992,115.2197,-14.7386445816172,-14.7386445816172,0.166088308481052,0.166088308481052,27.8254661900379,27.8254661900379,0.00987644098241525,0.0225797984983589,0.0876836700124191,1
"149","54.jpg",0,"Unconsolidated",-33.5772,115.2115,-21.4603550171144,-21.4603550171144,0.0820661737978734,0.0820661737978734,33.2771952571394,33.2771952571394,-0.0124239884782185,0.0144897027088802,0.0423163061668781,1
"150","55.jpg",0,"Seagrasses",-33.5917,115.2069,-16.312688320542,-16.312688320542,0.130855855551022,0.130855855551022,306.312972110046,306.312972110046,0.00915261100666243,0.0183291253559985,0.068373569820352,16
"151","56.jpg",0,"Macroalgae",-33.5702,115.2247,-23.2960469132728,-23.2960469132728,0.664460958838094,0.664460958838094,329.273775602626,329.273775602626,-0.0154333644434317,0.0885007404975946,0.327596746512516,16
"152","57.jpg",0,"Unconsolidated",-33.5484,115.2164,-26.1941585540771,-26.1941585540771,0,0,90,90,0,8.88178419700125e-16,7.105427357601e-15,128
"153","58.jpg",0,"Unconsolidated",-33.5848,115.233,-19.5570062624575,-19.5570062624575,0.149882877523908,0.149882877523908,13.3370785856314,13.3370785856314,0.00426562165794309,0.0208051367080535,0.0624847682646958,1
"154","59.jpg",3.75,"Seagrasses",-33.575,115.2262,-21.9425300129631,-21.9425300129631,0.108629100087074,0.108629100087074,202.666609401576,202.666609401576,0.0952704988782784,0.0952704988782793,0.1454393013878,16
"155","6.jpg",0,"Macroalgae",-33.5473,115.3856,-14.9884216157228,-14.9884216157228,0.192960857368029,0.192960857368029,286.180959207283,286.180959207283,0.0577960837211524,0.0611679811883645,0.185898453915916,1
"156","60.jpg",0,"Unconsolidated",-33.553,115.205,-27.1491415543523,-27.1491415543523,1.89002660050975,1.89002660050975,271.182333669186,271.182333669186,-0.158291788023959,0.250388575192384,0.668509101849821,16
"157","61.jpg",0,"Unconsolidated",-33.5895,115.2215,-17.4362019888364,-17.4362019888364,0.188779618525067,0.188779618525067,10.9847826203513,10.9847826203513,-0.00106944036377854,0.0258301280669135,0.0783637883026458,1
"158","62.jpg",0,"Unconsolidated",-33.5461,115.2311,-26.1031665802002,-26.1031665802002,1.14676529884337e-14,1.14676529884337e-14,213.69006752598,213.69006752598,0,1.77635683940025e-15,7.105427357601e-15,32
"160","64.jpg",0,"Unconsolidated",-33.5605,115.2199,-25.1798531154377,-25.1798531154377,0.04090564602667,0.04090564602667,270.758193138462,270.758193138462,-0.00129485175785859,0.00540003259102573,0.014373779296875,16
"161","65.jpg",0,"Unconsolidated",-33.6009,115.2278,-14.8690983197141,-14.8690983197141,0.0429114989923969,0.0429114989923969,293.205748295671,293.205748295671,0.00807799132231501,0.0129818749047885,0.0404332775089049,16
"162","66.jpg",0,"Unconsolidated",-33.5788,115.2066,-20.9701116187337,-20.9701116187337,0.475226966440958,0.475226966440958,347.902822244983,347.902822244983,0.00458161557365955,0.0695455206235529,0.180104613010979,16
"163","67.jpg",0,"Unconsolidated",-33.5573,115.2244,-25.0635185241699,-25.0635185241699,3.18055468146352e-15,3.18055468146352e-15,90,90,0,0,0,32
"164","68.jpg",0,"Seagrasses",-33.5934,115.2149,-15.0555559794162,-15.0555559794162,0.707318600679397,0.707318600679397,205.345973434035,205.345973434035,0.094152271132014,0.110209252317012,0.366906040974477,16
"165","69.jpg",0,"Unconsolidated",-33.5863,115.2183,-18.7727223871141,-18.7727223871141,0.328920377506846,0.328920377506846,19.9876729382542,19.9876729382542,-0.00710238507138072,0.0449207408733097,0.147192072310702,1
"166","7.jpg",0,"Seagrasses",-33.5412,115.3651,-18.5218129676661,-18.5218129676661,0.30893294095832,0.30893294095832,329.324839930336,329.324839930336,-0.0406079004712829,0.0456362933802223,0.175811701653348,16
"167","70.jpg",0,"Unconsolidated",-33.5643,115.2101,-24.6955832591867,-24.6955832591867,0.401223167104421,0.401223167104421,60.0212885590692,60.0212885590692,-0.00956946640985024,0.0541781167521624,0.192954468737781,1
"168","71.jpg",0,"Seagrasses",-33.5428,115.2279,-27,-27,7.11193647390761e-15,7.11193647390761e-15,63.434948822922,63.434948822922,0,1.77635683940025e-15,7.105427357601e-15,128
"169","72.jpg",0,"Unconsolidated",-33.5547,115.2146,-26.7880802154541,-26.7880802154541,3.18055468146352e-15,3.18055468146352e-15,270,270,0,8.88178419700125e-16,7.105427357601e-15,32
"170","73.jpg",0,"Unconsolidated",-33.5912,115.2312,-16.6872622821494,-16.6872622821494,0.305553169297897,0.305553169297897,347.626698103255,347.626698103255,-0.000528598005168135,0.041460885591071,0.121631228468171,16
"171","74.jpg",0,"Unconsolidated",-33.5837,115.2119,-19.5158265269371,-19.5158265269371,0.442004083664481,0.442004083664481,1.95513975958389,1.95513975958389,-0.0149582998432685,0.0587095416465795,0.17617459112304,32
"172","75.jpg",0,"Unconsolidated",-33.5622,115.2297,-24.506324205158,-24.506324205158,0.484642256366233,0.484642256366233,41.1725477361514,41.1725477361514,0.000279260694934891,0.0619641627631116,0.240285414265948,1
"173","76.jpg",0,"Unconsolidated",-33.5401,115.2085,-28.980052947998,-28.980052947998,7.11193647390761e-15,7.11193647390761e-15,26.565051177078,26.565051177078,0,4.44089209850063e-16,3.5527136788005e-15,64
"174","77.jpg",0,"Unconsolidated",-33.596,115.2247,-15.4889075683835,-15.4889075683835,0.204192933273841,0.204192933273841,338.212719289011,338.212719289011,-0.020423257192359,0.0427058984460433,0.157408209991184,32
"175","78.jpg",0,"Unconsolidated",-33.5668,115.2168,-23.121544715886,-23.121544715886,0.340138974074979,0.340138974074979,316.460049525467,316.460049525467,0.0160800738131925,0.0486690908209422,0.159334889425082,16
"176","79.jpg",0,"Unconsolidated",-33.545,115.2086,-28.2259254455566,-28.2259254455566,6.36110936292703e-15,6.36110936292703e-15,270,270,0,3.10862446895044e-15,7.105427357601e-15,16
"177","8.jpg",0,"Seagrasses",-33.5684,115.3783,-15.0094062889106,-15.0094062889106,0.211319523346587,0.211319523346587,330.120023870522,330.120023870522,0.0246608968750781,0.0346778842160032,0.114044632221265,16
"178","80.jpg",0,"Unconsolidated",-33.5815,115.2295,-20.7697869989681,-20.7697869989681,0.219863887676703,0.219863887676703,332.081836975515,332.081836975515,0.00274542902375785,0.0295565578409724,0.103132765854284,16
"179","81.jpg",0,"Seagrasses",-33.574,115.2101,-21.8187859648997,-21.8187859648997,0.0661335996877017,0.0661335996877017,282.621599742196,282.621599742196,0.0316142174743419,0.0326559689158703,0.0592724043589143,16
"180","82.jpg",0,"Unconsolidated",-33.5525,115.2279,-25.2704639434814,-25.2704639434814,0,0,90,90,-3.5527136788005e-15,2.22044604925031e-15,3.5527136788005e-15,128
"181","83.jpg",0,"Seagrasses",-33.5884,115.2055,-17.5595055966778,-17.5595055966778,0.202589718091446,0.202589718091446,39.3934385919874,39.3934385919874,-0.00337792821470018,0.0260331267405682,0.0762644088791511,1
"182","84.jpg",0,"Unconsolidated",-33.6009,115.2313,-14.636316807568,-14.636316807568,0.206307012373177,0.206307012373177,15.4128694488849,15.4128694488849,-0.0128741234004845,0.0289289536345116,0.084015460278394,1
"183","85.jpg",0,"Seagrasses",-33.5787,115.2004,-20.9412998887153,-20.9412998887153,0.0848566453203053,0.0848566453203053,290.903351668374,290.903351668374,-0.0216756724881364,0.0218545380746082,0.0548896987801157,16
"184","86.jpg",1.25,"Seagrasses",-33.5933,115.2087,-15.0207719866307,-15.0207719866307,1.99532440334811,1.99532440334811,148.931210815746,148.931210815746,0.212486695856937,0.278216835192804,0.968608658834324,1
"185","87.jpg",0,"Seagrasses",-33.5497,115.2053,-27.2530307769775,-27.2530307769775,0.372025234921673,0.372025234921673,271.219668004424,271.219668004424,0.0487832220705542,0.0487832220705533,0.13560253844426,16
"186","88.jpg",0,"Unconsolidated",-33.5862,115.2217,-19.4116325300086,-19.4116325300086,0.444611780046159,0.444611780046159,13.4213676438528,13.4213676438528,0.00590079917662223,0.0609743001812295,0.188507385480207,1
"187","89.jpg",0,"Seagrasses",-33.5644,115.2136,-24.0962576123258,-24.0962576123258,0.214556538021781,0.214556538021781,290.238780602125,290.238780602125,0.0103570033239322,0.0308642699857162,0.0997429108733137,16
"188","9.jpg",0,"Seagrasses",-33.5628,115.3888,-14.2443964208915,-14.2443964208915,0.64038839812579,0.64038839812579,235.798731960125,235.798731960125,0.0620468962977547,0.119159939850187,0.338016965298507,16
"189","90.jpg",0,"Unconsolidated",-33.5765,115.2198,-21.5589045920447,-21.5589045920447,0.691324843602573,0.691324843602573,58.6051698864078,58.6051698864078,-0.00848066691504101,0.0923544814878277,0.320791732681002,1
"190","91.jpg",0,"Unconsolidated",-33.5547,115.2116,-26.7432842254639,-26.7432842254639,1.31137628997268e-14,1.31137628997268e-14,104.036243467926,104.036243467926,3.5527136788005e-15,1.77635683940025e-15,3.5527136788005e-15,1
"191","92.jpg",0,"Unconsolidated",-33.5912,115.2282,-16.9308186629569,-16.9308186629569,0.315191474490534,0.315191474490534,359.959951567266,359.959951567266,-0.00613941546467345,0.0418814890811658,0.113646938864392,64
"192","93.jpg",0,"Seagrasses",-33.5837,115.2153,-19.4784694102392,-19.4784694102392,0.0809783593666251,0.0809783593666251,10.4260986980059,10.4260986980059,-0.0104866338275045,0.0143824400812123,0.0429391222257927,64
"193","94.jpg",0,"Seagrasses",-33.5622,115.2331,-22.7987355699171,-22.7987355699171,0.155656954369024,0.155656954369024,220.308450883216,220.308450883216,0.0145559968843898,0.0210057817097247,0.0854889979263938,16
"194","95.jpg",0,"Unconsolidated",-33.54,115.2006,-29,-29,3.18055468146352e-15,3.18055468146352e-15,270,270,0,2.22044604925031e-15,7.105427357601e-15,4
"195","96.jpg",0,"Unconsolidated",-33.5589,115.2261,-24.1963558197021,-24.1963558197021,6.36110936292703e-15,6.36110936292703e-15,270,270,3.5527136788005e-15,2.66453525910038e-15,3.5527136788005e-15,4
"196","97.jpg",0,"Unconsolidated",-33.5949,115.2038,-15.2781227334219,-15.2781227334219,0.586312385754696,0.586312385754696,347.130550655057,347.130550655057,0.00516550366750934,0.0801781612605961,0.247993154909372,16
"197","98.jpg",0,"Unconsolidated",-33.5733,115.2215,-22.6287825593495,-22.6287825593495,0.974163076685429,0.974163076685429,313.705470591862,313.705470591862,0.0651034847502174,0.138411925592253,0.471808826002945,16
"198","99.jpg",0,"Unconsolidated",-33.588,115.2299,-18.5605308115928,-18.5605308115928,0.308481875933286,0.308481875933286,358.512377114294,358.512377114294,-0.00351101729525993,0.0402981313616753,0.116017083222761,1
